{"stats":{"minecraft:dropped":{"minecraft:wheat_seeds":2},"minecraft:custom":{"minecraft:jump":21,"minecraft:time_since_rest":1583,"minecraft:sprint_one_cm":3725,"minecraft:leave_game":4,"minecraft:play_time":1583,"minecraft:time_since_death":1583,"minecraft:walk_one_cm":1775,"minecraft:sneak_time":4,"minecraft:total_world_time":1583,"minecraft:drop":2,"minecraft:fall_one_cm":209,"minecraft:fly_one_cm":5572},"minecraft:picked_up":{"minecraft:wheat_seeds":2},"minecraft:mined":{"minecraft:grass":7,"minecraft:birch_leaves":1}},"DataVersion":3120}